Dose,Treatment,Mean,sd,se
Control,0mg/ml Curcumin,0.5333333333,0.5045249791,0.07438814985
Curcumin,0.25mg/ml Curcumin,0.3913043478,0.4934351638,0.07122123116
Curcumin,1mg/ml Curcumin,0.4651162791,0.5046845884,0.07284494574
Control,0mg/ml Sodium Butyrate,0.2894736842,0.4596058674,0.07455791697
Sodium Butyrate,0.25mg/ml Sodium Butyrate,0.3947368421,0.4953553834,0.08035725427
Sodium Butyrate,1mg/ml Sodum Butyrate,0.3157894737,0.4710691209,0.07641750224
Sodium Butyrate,4mg/ml Sodium Butyrate,0.4047619048,0.4953553834,0.07643499509